site,workflow,tasks,clusters_r50,clusters_r100,seed_ari_r50
arxiv.org,lookup_or_unclassified,6576,132,66,0.47425535751737224
allrecipes.com,lookup_or_unclassified,6373,128,64,0.4495392356338619
bbc.com,lookup_or_unclassified,6304,127,64,0.45864474018596807
apple.com,lookup_or_unclassified,5832,117,59,
amazon.com,lookup_or_unclassified,3840,77,39,
wolframalpha.com,lookup_or_unclassified,3837,77,39,
github.com,lookup_or_unclassified,3657,74,37,
espn.com,lookup_or_unclassified,3247,65,33,
amazon.com,search_filter_sort,2298,46,23,
amazon.com,comparison,2016,41,21,
arxiv.org,search_filter_sort,1995,40,20,
allrecipes.com,list_aggregate,1600,32,16,
wolframalpha.com,calculation,1510,31,16,
bbc.com,search_filter_sort,1220,25,13,
allrecipes.com,search_filter_sort,1125,23,12,
apple.com,comparison,863,18,9,
espn.com,search_filter_sort,735,15,8,
github.com,search_filter_sort,586,12,6,
huggingface.co,lookup_or_unclassified,531,11,6,
bbc.com,list_aggregate,489,10,5,
amazon.com,list_aggregate,441,9,5,
arxiv.org,list_aggregate,430,9,5,
apple.com,search_filter_sort,373,8,4,
amazon.com,cart_purchase,348,7,4,
arxiv.org,comparison,278,6,3,
ca.gov,lookup_or_unclassified,219,5,3,
espn.com,list_aggregate,175,4,2,
github.com,list_aggregate,154,4,2,
espn.com,comparison,139,3,2,
wolframalpha.com,comparison,127,3,2,
stanford.edu,lookup_or_unclassified,122,3,2,
apple.com,cart_purchase,109,3,2,
allrecipes.com,comparison,101,3,2,
berkeley.edu,lookup_or_unclassified,99,2,1,
github.com,comparison,86,2,1,
bbc.com,comparison,84,2,1,
wolframalpha.com,list_aggregate,79,2,1,
booking.com,lookup_or_unclassified,48,1,1,
apple.com,list_aggregate,47,1,1,
google.com,lookup_or_unclassified,44,1,1,
virginia.gov,lookup_or_unclassified,43,1,1,
booking.com,search_filter_sort,36,1,1,
huggingface.co,search_filter_sort,34,1,1,
apple.com,booking_application,31,1,1,
youtube.com,lookup_or_unclassified,30,1,1,
osu.edu,lookup_or_unclassified,29,1,1,
arxiv.org,booking_application,25,1,1,
stanford.edu,list_aggregate,24,1,1,
huggingface.co,comparison,20,1,1,
ca.gov,list_aggregate,19,1,1,
github.com,booking_application,19,1,1,
ny.gov,lookup_or_unclassified,17,1,1,
wikipedia.org,lookup_or_unclassified,17,1,1,
marriott.com,lookup_or_unclassified,16,1,1,
umich.edu,lookup_or_unclassified,16,1,1,
wolframalpha.com,search_filter_sort,15,1,1,
berkeley.edu,list_aggregate,14,1,1,
nhl.com,lookup_or_unclassified,13,1,1,
google.com,search_filter_sort,12,1,1,
trip.com,search_filter_sort,12,1,1,
ca.gov,booking_application,11,1,1,
disney.com,lookup_or_unclassified,11,1,1,
baltimorecity.gov,lookup_or_unclassified,9,1,1,
colorado.edu,lookup_or_unclassified,9,1,1,
myflorida.com,lookup_or_unclassified,9,1,1,
youtube.com,search_filter_sort,9,1,1,
espn.com,booking_application,8,1,1,
go.com,lookup_or_unclassified,8,1,1,
nvidia.com,lookup_or_unclassified,8,1,1,
ohio.gov,lookup_or_unclassified,8,1,1,
porsche.com,lookup_or_unclassified,8,1,1,
espn.com,cart_purchase,7,1,1,
osu.edu,list_aggregate,7,1,1,
stanford.edu,search_filter_sort,7,1,1,
dol.gov,lookup_or_unclassified,6,1,1,
ign.com,lookup_or_unclassified,6,1,1,
jhu.edu,lookup_or_unclassified,6,1,1,
ted.com,lookup_or_unclassified,6,1,1,
webmd.com,lookup_or_unclassified,6,1,1,
wikipedia.org,list_aggregate,6,1,1,
aaa.com,lookup_or_unclassified,5,1,1,
bbc.com,booking_application,5,1,1,
berkeley.edu,search_filter_sort,5,1,1,
gymshark.com,lookup_or_unclassified,5,1,1,
irs.gov,lookup_or_unclassified,5,1,1,
usajobs.gov,list_aggregate,5,1,1,
allrecipes.com,booking_application,4,1,1,
alltrails.com,lookup_or_unclassified,4,1,1,
alltrails.com,search_filter_sort,4,1,1,
amazon.com,calculation,4,1,1,
bandcamp.com,lookup_or_unclassified,4,1,1,
hilton.com,lookup_or_unclassified,4,1,1,
ikea.com,lookup_or_unclassified,4,1,1,
metmuseum.org,lookup_or_unclassified,4,1,1,
polaroid.com,lookup_or_unclassified,4,1,1,
target.com,lookup_or_unclassified,4,1,1,
usajobs.gov,lookup_or_unclassified,4,1,1,
arxiv.org,calculation,3,1,1,
bahn.de,lookup_or_unclassified,3,1,1,
berkeley.edu,booking_application,3,1,1,
booking.com,list_aggregate,3,1,1,
ca.gov,search_filter_sort,3,1,1,
cbp.gov,lookup_or_unclassified,3,1,1,
flightaware.com,lookup_or_unclassified,3,1,1,
huggingface.co,list_aggregate,3,1,1,
mayoclinic.org,lookup_or_unclassified,3,1,1,
neurips.cc,lookup_or_unclassified,3,1,1,
nhl.com,list_aggregate,3,1,1,
statista.com,lookup_or_unclassified,3,1,1,
steampowered.com,lookup_or_unclassified,3,1,1,
tumblr.com,lookup_or_unclassified,3,1,1,
universityofcalifornia.edu,lookup_or_unclassified,3,1,1,
virginia.gov,list_aggregate,3,1,1,
walgreens.com,lookup_or_unclassified,3,1,1,
weather.com,lookup_or_unclassified,3,1,1,
wikipedia.org,comparison,3,1,1,
zappos.com,list_aggregate,3,1,1,
aaa.com,list_aggregate,2,1,1,
agoda.com,search_filter_sort,2,1,1,
airasia.com,lookup_or_unclassified,2,1,1,
akc.org,lookup_or_unclassified,2,1,1,
alaskaair.com,list_aggregate,2,1,1,
alaskaair.com,lookup_or_unclassified,2,1,1,
allrecipes.com,calculation,2,1,1,
amazon.com,booking_application,2,1,1,
amtrak.com,lookup_or_unclassified,2,1,1,
artic.edu,lookup_or_unclassified,2,1,1,
baltimorecity.gov,booking_application,2,1,1,
basspro.com,lookup_or_unclassified,2,1,1,
bbc.com,cart_purchase,2,1,1,
beatsbydre.com,lookup_or_unclassified,2,1,1,
bestbuy.com,cart_purchase,2,1,1,
colgate.com,lookup_or_unclassified,2,1,1,
colorado.edu,list_aggregate,2,1,1,
dickssportinggoods.com,lookup_or_unclassified,2,1,1,
dol.gov,list_aggregate,2,1,1,
dollargeneral.com,lookup_or_unclassified,2,1,1,
gap.com,lookup_or_unclassified,2,1,1,
hostelworld.com,search_filter_sort,2,1,1,
huggingface.co,calculation,2,1,1,
jetblue.com,lookup_or_unclassified,2,1,1,
jetblue.com,search_filter_sort,2,1,1,
justice.gov,lookup_or_unclassified,2,1,1,
kbb.com,lookup_or_unclassified,2,1,1,
merriam-webster.com,lookup_or_unclassified,2,1,1,
nordstrom.com,search_filter_sort,2,1,1,
nvidia.com,list_aggregate,2,1,1,
ohio.gov,list_aggregate,2,1,1,
osu.edu,search_filter_sort,2,1,1,
overstock.com,lookup_or_unclassified,2,1,1,
redbull.com,list_aggregate,2,1,1,
rottentomatoes.com,lookup_or_unclassified,2,1,1,
ryanair.com,lookup_or_unclassified,2,1,1,
samsclub.com,lookup_or_unclassified,2,1,1,
speedo.com,lookup_or_unclassified,2,1,1,
stanford.edu,booking_application,2,1,1,
target.com,list_aggregate,2,1,1,
ticketmaster.com,lookup_or_unclassified,2,1,1,
underarmour.com,lookup_or_unclassified,2,1,1,
universalorlando.com,lookup_or_unclassified,2,1,1,
verizon.com,list_aggregate,2,1,1,
virginia.gov,booking_application,2,1,1,
wikipedia.org,search_filter_sort,2,1,1,
ycombinator.com,lookup_or_unclassified,2,1,1,
aaa.com,calculation,1,1,1,
aaa.com,search_filter_sort,1,1,1,
ada.org,list_aggregate,1,1,1,
ada.org,lookup_or_unclassified,1,1,1,
ada.org,search_filter_sort,1,1,1,
aerlingus.com,lookup_or_unclassified,1,1,1,
airbnb.com,lookup_or_unclassified,1,1,1,
airbnb.com,search_filter_sort,1,1,1,
aircanada.com,lookup_or_unclassified,1,1,1,
akc.org,cart_purchase,1,1,1,
amazon.jobs,lookup_or_unclassified,1,1,1,
americanexpress.com,lookup_or_unclassified,1,1,1,
americanstandard-us.com,lookup_or_unclassified,1,1,1,
americashealthrankings.org,lookup_or_unclassified,1,1,1,
amtrak.com,search_filter_sort,1,1,1,
arlandaexpress.com,lookup_or_unclassified,1,1,1,
aubergeresorts.com,lookup_or_unclassified,1,1,1,
awaytravel.com,lookup_or_unclassified,1,1,1,
babycenter.com,calculation,1,1,1,
babycenter.com,list_aggregate,1,1,1,
bbb.org,list_aggregate,1,1,1,
bbb.org,lookup_or_unclassified,1,1,1,
bestbuy.com,list_aggregate,1,1,1,
bestbuy.com,search_filter_sort,1,1,1,
bklynlibrary.org,lookup_or_unclassified,1,1,1,
britishairways.com,lookup_or_unclassified,1,1,1,
cambridge.org,list_aggregate,1,1,1,
cambridge.org,lookup_or_unclassified,1,1,1,
carnival.com,lookup_or_unclassified,1,1,1,
cathaypacific.com,lookup_or_unclassified,1,1,1,
cboe.com,lookup_or_unclassified,1,1,1,
cbp.gov,booking_application,1,1,1,
chronicle.com,lookup_or_unclassified,1,1,1,
cityofvancouver.us,booking_application,1,1,1,
coinmarketcap.com,list_aggregate,1,1,1,
coinmarketcap.com,lookup_or_unclassified,1,1,1,
colgate.com,list_aggregate,1,1,1,
colorado.edu,search_filter_sort,1,1,1,
cookpad.com,lookup_or_unclassified,1,1,1,
coolmath4kids.com,lookup_or_unclassified,1,1,1,
costco.com,lookup_or_unclassified,1,1,1,
coursera.org,list_aggregate,1,1,1,
coursera.org,lookup_or_unclassified,1,1,1,
craftsman.com,lookup_or_unclassified,1,1,1,
dblp.org,lookup_or_unclassified,1,1,1,
delta.com,list_aggregate,1,1,1,
dillards.com,lookup_or_unclassified,1,1,1,
dmns.org,lookup_or_unclassified,1,1,1,
druryhotels.com,lookup_or_unclassified,1,1,1,
easyjet.com,lookup_or_unclassified,1,1,1,
espn.com,calculation,1,1,1,
eventbrite.com,lookup_or_unclassified,1,1,1,
fandango.com,list_aggregate,1,1,1,
fandango.com,lookup_or_unclassified,1,1,1,
foxsports.com,lookup_or_unclassified,1,1,1,
gap.com,list_aggregate,1,1,1,
gap.com,search_filter_sort,1,1,1,
github.com,cart_purchase,1,1,1,
go.com,list_aggregate,1,1,1,
gov.uk,booking_application,1,1,1,
governmentjobs.com,list_aggregate,1,1,1,
healthgrades.com,lookup_or_unclassified,1,1,1,
healthline.com,search_filter_sort,1,1,1,
heb.com,lookup_or_unclassified,1,1,1,
hobbylobby.com,list_aggregate,1,1,1,
homedepot.com,lookup_or_unclassified,1,1,1,
huggingface.co,booking_application,1,1,1,
hyatt.com,lookup_or_unclassified,1,1,1,
ign.com,search_filter_sort,1,1,1,
ikea.com,search_filter_sort,1,1,1,
kayak.com,lookup_or_unclassified,1,1,1,
kayak.com,search_filter_sort,1,1,1,
kempinski.com,lookup_or_unclassified,1,1,1,
kroger.com,lookup_or_unclassified,1,1,1,
linkedin.com,lookup_or_unclassified,1,1,1,
lowes.com,lookup_or_unclassified,1,1,1,
lowes.com,search_filter_sort,1,1,1,
malaysiaairlines.com,lookup_or_unclassified,1,1,1,
marriott.com,list_aggregate,1,1,1,
marriott.com,search_filter_sort,1,1,1,
medicare.gov,lookup_or_unclassified,1,1,1,
megabus.com,lookup_or_unclassified,1,1,1,
megabus.com,search_filter_sort,1,1,1,
mgmresorts.com,lookup_or_unclassified,1,1,1,
mta.info,lookup_or_unclassified,1,1,1,
myflorida.com,list_aggregate,1,1,1,
newegg.com,lookup_or_unclassified,1,1,1,
newegg.com,search_filter_sort,1,1,1,
nfl.com,lookup_or_unclassified,1,1,1,
nothingbundtcakes.com,lookup_or_unclassified,1,1,1,
ny.gov,comparison,1,1,1,
ny.gov,list_aggregate,1,1,1,
ny.gov,search_filter_sort,1,1,1,
nyfa.edu,lookup_or_unclassified,1,1,1,
nyse.com,lookup_or_unclassified,1,1,1,
oyster.com,lookup_or_unclassified,1,1,1,
parkers.co.uk,lookup_or_unclassified,1,1,1,
philippineairlines.com,search_filter_sort,1,1,1,
phys.org,lookup_or_unclassified,1,1,1,
polaroid.com,comparison,1,1,1,
publicstorage.com,search_filter_sort,1,1,1,
raceroster.com,lookup_or_unclassified,1,1,1,
recreation.gov,lookup_or_unclassified,1,1,1,
redbull.com,lookup_or_unclassified,1,1,1,
redbull.com,search_filter_sort,1,1,1,
roberthalf.com,lookup_or_unclassified,1,1,1,
rockauto.com,search_filter_sort,1,1,1,
rottentomatoes.com,list_aggregate,1,1,1,
rottentomatoes.com,search_filter_sort,1,1,1,
ryanair.com,search_filter_sort,1,1,1,
sandals.com,search_filter_sort,1,1,1,
seattlegreatwheel.com,lookup_or_unclassified,1,1,1,
seaworld.com,lookup_or_unclassified,1,1,1,
sec.gov,search_filter_sort,1,1,1,
sephora.com,lookup_or_unclassified,1,1,1,
sfwmd.gov,lookup_or_unclassified,1,1,1,
sixflags.com,booking_application,1,1,1,
spectrum.com,lookup_or_unclassified,1,1,1,
spothero.com,comparison,1,1,1,
stanford.edu,cart_purchase,1,1,1,
statista.com,list_aggregate,1,1,1,
stpaul.gov,lookup_or_unclassified,1,1,1,
sugarbowl.com,list_aggregate,1,1,1,
thecignagroup.com,lookup_or_unclassified,1,1,1,
thermofisher.com,lookup_or_unclassified,1,1,1,
theweathernetwork.com,lookup_or_unclassified,1,1,1,
thumbtack.com,search_filter_sort,1,1,1,
tourradar.com,lookup_or_unclassified,1,1,1,
trip.com,lookup_or_unclassified,1,1,1,
uline.com,lookup_or_unclassified,1,1,1,
ulta.com,lookup_or_unclassified,1,1,1,
umich.edu,list_aggregate,1,1,1,
underarmour.com,list_aggregate,1,1,1,
universalorlando.com,comparison,1,1,1,
universalorlando.com,search_filter_sort,1,1,1,
universityofcalifornia.edu,booking_application,1,1,1,
usajobs.com,lookup_or_unclassified,1,1,1,
uscis.gov,lookup_or_unclassified,1,1,1,
vacourts.gov,lookup_or_unclassified,1,1,1,
virginia.gov,cart_purchase,1,1,1,
vividseats.com,search_filter_sort,1,1,1,
vogue-eyewear.com,search_filter_sort,1,1,1,
wayfair.com,lookup_or_unclassified,1,1,1,
webmd.com,list_aggregate,1,1,1,
westjet.com,lookup_or_unclassified,1,1,1,
wizzair.com,lookup_or_unclassified,1,1,1,
wm.com,lookup_or_unclassified,1,1,1,
wolframalpha.com,booking_application,1,1,1,
wolframalpha.com,cart_purchase,1,1,1,
youtube.com,list_aggregate,1,1,1,
zappos.com,lookup_or_unclassified,1,1,1,
zappos.com,search_filter_sort,1,1,1,
ziprecruiter.com,lookup_or_unclassified,1,1,1,
