site,webvoyager,om2w,webtailbench,deepshop,available_tasks
arxiv.org,1,1,0,0,9307
allrecipes.com,1,1,1,0,9205
amazon.com,1,1,1,1,8949
bbc.com,1,0,0,0,8104
apple.com,1,1,1,0,7255
wolframalpha.com,1,0,0,0,5570
github.com,1,1,0,0,4503
espn.com,1,1,0,0,4312
huggingface.co,1,0,0,0,591
ca.gov,0,1,0,0,252
stanford.edu,0,1,1,0,156
berkeley.edu,0,1,0,0,121
booking.com,1,1,1,0,87
google.com,1,1,1,0,56
virginia.gov,0,1,0,0,49
youtube.com,0,1,0,0,40
osu.edu,0,1,0,0,38
wikipedia.org,0,0,1,0,28
ny.gov,0,0,1,0,20
marriott.com,0,1,1,0,18
umich.edu,0,1,0,0,17
nhl.com,0,0,1,0,16
trip.com,0,1,0,0,13
colorado.edu,0,1,0,0,12
baltimorecity.gov,0,0,1,0,11
disney.com,0,1,0,0,11
myflorida.com,0,0,1,0,10
nvidia.com,0,1,0,0,10
ohio.gov,0,1,0,0,10
aaa.com,0,0,1,0,9
go.com,0,0,1,0,9
usajobs.gov,0,0,1,0,9
alltrails.com,0,0,1,0,8
dol.gov,0,0,1,0,8
porsche.com,0,1,0,0,8
ign.com,0,1,0,0,7
webmd.com,0,1,0,0,7
jhu.edu,0,0,1,0,6
target.com,0,1,1,0,6
ted.com,0,1,0,0,6
gymshark.com,0,0,1,0,5
ikea.com,0,1,1,0,5
irs.gov,0,1,0,0,5
polaroid.com,0,0,1,0,5
zappos.com,0,0,1,0,5
alaskaair.com,0,0,1,0,4
bandcamp.com,0,1,0,0,4
bestbuy.com,0,1,1,0,4
cbp.gov,0,1,0,0,4
gap.com,0,0,1,0,4
hilton.com,0,0,1,0,4
jetblue.com,0,0,1,0,4
metmuseum.org,0,0,1,0,4
redbull.com,0,1,0,0,4
rottentomatoes.com,0,1,0,0,4
statista.com,0,1,0,0,4
universalorlando.com,0,0,1,0,4
universityofcalifornia.edu,0,0,1,0,4
ada.org,0,0,1,0,3
akc.org,0,1,0,0,3
amtrak.com,0,1,0,0,3
bahn.de,0,0,1,0,3
colgate.com,0,0,1,0,3
flightaware.com,0,1,0,0,3
mayoclinic.org,0,1,0,0,3
neurips.cc,0,0,1,0,3
ryanair.com,0,1,1,0,3
steampowered.com,0,1,1,0,3
tumblr.com,0,1,0,0,3
underarmour.com,0,0,1,0,3
walgreens.com,0,0,1,0,3
weather.com,0,1,0,0,3
agoda.com,0,0,1,0,2
airasia.com,0,0,1,0,2
airbnb.com,0,1,1,0,2
artic.edu,0,0,1,0,2
babycenter.com,0,1,0,0,2
basspro.com,0,0,1,0,2
bbb.org,0,1,0,0,2
beatsbydre.com,0,0,1,0,2
cambridge.org,1,0,0,0,2
coinmarketcap.com,0,1,0,0,2
coursera.org,1,1,0,0,2
dickssportinggoods.com,0,0,1,0,2
dollargeneral.com,0,0,1,0,2
fandango.com,0,0,1,0,2
hostelworld.com,0,0,1,0,2
justice.gov,0,1,0,0,2
kayak.com,0,0,1,0,2
kbb.com,0,1,0,0,2
lowes.com,0,0,1,0,2
megabus.com,0,1,0,0,2
merriam-webster.com,0,1,0,0,2
newegg.com,0,0,1,0,2
nordstrom.com,0,0,1,0,2
overstock.com,0,0,1,0,2
samsclub.com,0,0,1,0,2
speedo.com,0,1,0,0,2
ticketmaster.com,0,1,1,0,2
verizon.com,0,1,0,0,2
ycombinator.com,0,1,0,0,2
aerlingus.com,0,0,1,0,1
aircanada.com,0,0,1,0,1
amazon.jobs,0,1,0,0,1
americanexpress.com,0,1,0,0,1
americanstandard-us.com,0,0,1,0,1
americashealthrankings.org,0,1,0,0,1
arlandaexpress.com,0,0,1,0,1
aubergeresorts.com,0,0,1,0,1
awaytravel.com,0,0,1,0,1
bklynlibrary.org,0,0,1,0,1
britishairways.com,0,0,1,0,1
carnival.com,0,1,0,0,1
cathaypacific.com,0,0,1,0,1
cboe.com,0,1,0,0,1
chronicle.com,0,1,0,0,1
cityofvancouver.us,0,0,1,0,1
cookpad.com,0,1,0,0,1
coolmath4kids.com,0,1,0,0,1
costco.com,0,0,1,0,1
craftsman.com,0,0,1,0,1
dblp.org,0,1,0,0,1
delta.com,0,0,1,0,1
dillards.com,0,1,0,0,1
dmns.org,0,0,1,0,1
druryhotels.com,0,0,1,0,1
easyjet.com,0,0,1,0,1
eventbrite.com,0,1,1,0,1
foxsports.com,0,1,0,0,1
gov.uk,0,1,0,0,1
governmentjobs.com,0,0,1,0,1
healthgrades.com,0,1,0,0,1
healthline.com,0,1,0,0,1
heb.com,0,0,1,0,1
hobbylobby.com,0,0,1,0,1
homedepot.com,0,0,1,0,1
hyatt.com,0,0,1,0,1
kempinski.com,0,0,1,0,1
kroger.com,0,0,1,0,1
linkedin.com,0,0,1,0,1
malaysiaairlines.com,0,0,1,0,1
medicare.gov,0,1,0,0,1
mgmresorts.com,0,0,1,0,1
mta.info,0,1,0,0,1
nfl.com,0,1,0,0,1
nothingbundtcakes.com,0,0,1,0,1
nyfa.edu,0,0,1,0,1
nyse.com,0,1,0,0,1
oyster.com,0,0,1,0,1
parkers.co.uk,0,1,0,0,1
philippineairlines.com,0,0,1,0,1
phys.org,0,1,0,0,1
publicstorage.com,0,1,0,0,1
raceroster.com,0,0,1,0,1
recreation.gov,0,1,0,0,1
roberthalf.com,0,0,1,0,1
rockauto.com,0,0,1,0,1
sandals.com,0,0,1,0,1
seattlegreatwheel.com,0,0,1,0,1
seaworld.com,0,0,1,0,1
sec.gov,0,1,0,0,1
sephora.com,0,0,1,0,1
sfwmd.gov,0,0,1,0,1
sixflags.com,0,0,1,0,1
spectrum.com,0,0,1,0,1
spothero.com,0,1,0,0,1
stpaul.gov,0,0,1,0,1
sugarbowl.com,0,0,1,0,1
thecignagroup.com,0,0,1,0,1
thermofisher.com,0,0,1,0,1
theweathernetwork.com,0,1,0,0,1
thumbtack.com,0,1,0,0,1
tourradar.com,0,1,0,0,1
uline.com,0,0,1,0,1
ulta.com,0,0,1,0,1
usajobs.com,0,0,1,0,1
uscis.gov,0,1,0,0,1
vacourts.gov,0,0,1,0,1
vividseats.com,0,0,1,0,1
vogue-eyewear.com,0,0,1,0,1
wayfair.com,0,0,1,0,1
westjet.com,0,0,1,0,1
wizzair.com,0,0,1,0,1
wm.com,0,0,1,0,1
ziprecruiter.com,0,1,0,0,1
