site,webvoyager,om2w,webtailbench,deepshop,available_pool_tasks,evidence_types
4shared.com,0,1,0,0,0,released_start_url
9gag.com,0,1,0,0,0,released_start_url
aaa.com,0,0,1,0,9,named_site_alias
accuweather.com,0,1,0,0,0,released_start_url
acrylux.com,0,0,1,0,0,instruction_domain
ada.org,0,0,1,0,3,named_site_alias
adoptapet.com,0,1,0,0,0,released_start_url
aerlingus.com,0,0,1,0,1,named_site_alias
agoda.com,0,0,1,0,2,instruction_domain;named_site_alias
agwheelexpress.com,0,0,1,0,0,named_site_alias
airasia.com,0,0,1,0,2,named_site_alias
airbnb.com,0,1,1,0,2,instruction_domain;named_site_alias;released_start_url
aircanada.com,0,0,1,0,1,named_site_alias
akc.org,0,1,0,0,3,released_start_url
alaskaair.com,0,0,1,0,4,named_site_alias
albemarle.edu,0,0,1,0,0,named_site_alias
allegiantair.com,0,0,1,0,0,named_site_alias
allrecipes.com,1,1,1,0,9205,named_site_alias;released_start_url
alltrails.com,0,0,1,0,8,instruction_domain;named_site_alias
amazon.com,1,1,1,1,8949,instruction_domain;named_site_alias;released_start_url
amazon.jobs,0,1,0,0,1,released_start_url
americanexpress.com,0,1,0,0,1,released_start_url
americanstandard-us.com,0,0,1,0,1,named_site_alias
americashealthrankings.org,0,1,0,0,1,released_start_url
amtrak.com,0,1,0,0,3,released_start_url
ana.co.jp,0,0,1,0,0,named_site_alias
apartments.com,0,1,0,0,0,released_start_url
apple.com,1,1,1,0,7255,named_site_alias;released_start_url
arlandaexpress.com,0,0,1,0,1,named_site_alias
artic.edu,0,0,1,0,2,named_site_alias
arxiv.org,1,1,0,0,9307,released_start_url
aubergeresorts.com,0,0,1,0,1,named_site_alias
aus.com,0,0,1,0,0,named_site_alias
awaytravel.com,0,0,1,0,1,instruction_domain
babycenter.com,0,1,0,0,2,released_start_url
backcountry.com,0,1,0,0,0,released_start_url
bacteriostaticwater.com,0,0,1,0,0,instruction_domain
bahn.de,0,0,1,0,3,instruction_domain;named_site_alias
baltimorecity.gov,0,0,1,0,11,named_site_alias
bandcamp.com,0,1,0,0,4,released_start_url
basspro.com,0,0,1,0,2,named_site_alias
bbb.org,0,1,0,0,2,released_start_url
bbc.com,1,0,0,0,8104,released_start_url
beatsbydre.com,0,0,1,0,2,named_site_alias
berkeley.edu,0,1,0,0,121,released_start_url
bestbuy.com,0,1,1,0,4,named_site_alias;released_start_url
bestwestern.com,0,0,1,0,0,instruction_domain;named_site_alias
bhphotovideo.com,0,1,0,0,0,released_start_url
birdbgone.com,0,0,1,0,0,named_site_alias
birkenstock.com,0,1,1,0,0,instruction_domain;released_start_url
bklynlibrary.org,0,0,1,0,1,instruction_domain
bluegreenvacations.com,0,0,1,0,0,instruction_domain
boardgamegeek.com,0,1,0,0,0,released_start_url
bontontoys.com,0,0,1,0,0,instruction_domain
booking.com,1,1,1,0,87,instruction_domain;named_site_alias;released_start_url
britishairways.com,0,0,1,0,1,named_site_alias
ca.gov,0,1,0,0,252,released_start_url
caesars.com,0,0,1,0,0,instruction_domain
cambridge.org,1,0,0,0,2,released_start_url
caminitodelrey.info,0,0,1,0,0,named_site_alias
careerbuilder.com,0,0,1,0,0,named_site_alias
carmax.com,0,1,0,0,0,released_start_url
carnival.com,0,1,0,0,1,released_start_url
carparts.com,0,0,1,0,0,instruction_domain
cars.com,0,1,0,0,0,released_start_url
carvana.com,0,1,0,0,0,released_start_url
cathaypacific.com,0,0,1,0,1,named_site_alias
cboe.com,0,1,0,0,1,released_start_url
cbp.gov,0,1,0,0,4,released_start_url
chase.com,0,1,0,0,0,released_start_url
chess.com,0,1,0,0,0,released_start_url
chewy.com,0,0,1,0,0,named_site_alias
choicehotels.com,0,0,1,0,0,instruction_domain
chronicle.com,0,1,0,0,1,released_start_url
cityofvancouver.us,0,0,1,0,1,named_site_alias
coinmarketcap.com,0,1,0,0,2,released_start_url
colgate.com,0,0,1,0,3,instruction_domain
colorado.edu,0,1,0,0,12,released_start_url
compass.com,0,1,0,0,0,released_start_url
confirmtkt.com,0,0,1,0,0,named_site_alias
cookpad.com,0,1,0,0,1,released_start_url
coolmath4kids.com,0,1,0,0,1,released_start_url
costco.com,0,0,1,0,1,named_site_alias
coursera.org,1,1,0,0,2,released_start_url
craftsman.com,0,0,1,0,1,instruction_domain;named_site_alias
craigslist.org,0,1,0,0,0,released_start_url
cvs.com,0,1,0,0,0,released_start_url
dblp.org,0,1,0,0,1,released_start_url
delta.com,0,0,1,0,1,named_site_alias
dickssportinggoods.com,0,0,1,0,2,named_site_alias
dillards.com,0,1,0,0,1,released_start_url
discogs.com,0,1,0,0,0,released_start_url
disney.com,0,1,0,0,11,released_start_url
dmns.org,0,0,1,0,1,named_site_alias
dol.gov,0,0,1,0,8,named_site_alias
dollargeneral.com,0,0,1,0,2,named_site_alias
drugs.com,0,1,0,0,0,released_start_url
druryhotels.com,0,0,1,0,1,instruction_domain
easyjet.com,0,0,1,0,1,named_site_alias
easykeys.com,0,0,1,0,0,named_site_alias
ebay.com,0,0,1,0,0,named_site_alias
espn.com,1,1,0,0,4312,released_start_url
etickets.com,0,0,1,0,0,instruction_domain
eventbrite.com,0,1,1,0,1,instruction_domain;named_site_alias;released_start_url
expedia.com,0,0,1,0,0,named_site_alias
extremerate.com,0,0,1,0,0,named_site_alias
eyeglasses.com,0,0,1,0,0,instruction_domain
fandango.com,0,0,1,0,2,named_site_alias
fandom.com,0,1,0,0,0,released_start_url
farmers.com,0,0,1,0,0,named_site_alias
fedex.com,0,1,1,0,0,named_site_alias;released_start_url
flightaware.com,0,1,0,0,3,released_start_url
foxsports.com,0,1,0,0,1,released_start_url
frandenim.com,0,0,1,0,0,named_site_alias
gap.com,0,0,1,0,4,named_site_alias
gene.com,0,0,1,0,0,named_site_alias
github.com,1,1,0,0,4503,released_start_url
gmparts.com,0,0,1,0,0,instruction_domain
gmpartscenter.net,0,0,1,0,0,instruction_domain
go.com,0,0,1,0,9,named_site_alias
goat.com,0,0,1,0,0,named_site_alias
goindigo.in,0,0,1,0,0,named_site_alias
golfpride.com,0,0,1,0,0,named_site_alias
google.com,1,1,1,0,56,named_site_alias;released_start_url
gov.uk,0,1,0,0,1,released_start_url
governmentjobs.com,0,0,1,0,1,named_site_alias
gymshark.com,0,0,1,0,5,named_site_alias
healthgrades.com,0,1,0,0,1,released_start_url
healthline.com,0,1,0,0,1,released_start_url
heb.com,0,0,1,0,1,named_site_alias
hilton.com,0,0,1,0,4,instruction_domain;named_site_alias
hiltongrandvacations.com,0,0,1,0,0,instruction_domain
hobbylobby.com,0,0,1,0,1,named_site_alias
holidayinnclub.com,0,0,1,0,0,instruction_domain
homedepot.com,0,0,1,0,1,named_site_alias
hostelworld.com,0,0,1,0,2,instruction_domain;named_site_alias
hotels.com,0,0,1,0,0,instruction_domain
howardbrown.org,0,0,1,0,0,named_site_alias
huggingface.co,1,0,0,0,591,released_start_url
hyatt.com,0,0,1,0,1,instruction_domain;named_site_alias
hyattinclusivecollection.com,0,0,1,0,0,instruction_domain
iberia.com,0,0,1,0,0,named_site_alias
iclr.cc,0,1,0,0,0,released_start_url
icp.org,0,0,1,0,0,named_site_alias
id.me,0,0,1,0,0,instruction_domain
ign.com,0,1,0,0,7,released_start_url
ihg.com,0,0,1,0,0,instruction_domain;named_site_alias
ikea.com,0,1,1,0,5,named_site_alias;released_start_url
imdb.com,0,1,0,0,0,released_start_url
imgur.com,0,1,0,0,0,released_start_url
indeed.com,0,0,1,0,0,named_site_alias
instructure.com,0,1,0,0,0,released_start_url
investor.gov,0,0,1,0,0,instruction_domain
irishsetterboots.com,0,0,1,0,0,instruction_domain
irs.gov,0,1,0,0,5,released_start_url
ita-airways.com,0,0,1,0,0,named_site_alias
jacadatravel.com,0,0,1,0,0,instruction_domain
jal.co.jp,0,0,1,0,0,named_site_alias
jcpenney.com,0,1,0,0,0,released_start_url
jetblue.com,0,0,1,0,4,named_site_alias
jetstar.com,0,0,1,0,0,named_site_alias
jhu.edu,0,0,1,0,6,named_site_alias
justice.gov,0,1,0,0,2,released_start_url
justwatch.com,0,0,1,0,0,instruction_domain
kaggle.com,0,1,0,0,0,released_start_url
kancanusa.com,0,0,1,0,0,named_site_alias
kayak.com,0,0,1,0,2,instruction_domain;named_site_alias
kbb.com,0,1,0,0,2,released_start_url
kelty.com,0,0,1,0,0,named_site_alias
kempinski.com,0,0,1,0,1,instruction_domain;named_site_alias
klm.com,0,0,1,0,0,named_site_alias
kohls.com,0,0,1,0,0,named_site_alias
koreanair.com,0,0,1,0,0,named_site_alias
kroger.com,0,0,1,0,1,named_site_alias
lacourt.org,0,0,1,0,0,named_site_alias
landsend.com,0,0,1,0,0,named_site_alias
landwatch.com,0,1,0,0,0,released_start_url
leagueoflegends.com,0,1,0,0,0,released_start_url
lettuce.com,0,0,1,0,0,instruction_domain
linkedin.com,0,0,1,0,1,instruction_domain;named_site_alias
lot.com,0,0,1,0,0,named_site_alias
lowes.com,0,0,1,0,2,named_site_alias
lufthansa.com,0,0,1,0,0,named_site_alias
macys.com,0,0,1,0,0,named_site_alias
macyswineshop.com,0,1,0,0,0,released_start_url
malaysiaairlines.com,0,0,1,0,1,named_site_alias
marriott.com,0,1,1,0,18,instruction_domain;named_site_alias;released_start_url
mayoclinic.org,0,1,0,0,3,released_start_url
medicare.gov,0,1,0,0,1,released_start_url
medline.com,0,0,1,0,0,named_site_alias
mega.io,0,1,0,0,0,released_start_url
megabus.com,0,1,0,0,2,released_start_url
merriam-webster.com,0,1,0,0,2,released_start_url
metmuseum.org,0,0,1,0,4,named_site_alias
mgmresorts.com,0,0,1,0,1,instruction_domain
michaels.com,0,1,0,0,0,released_start_url
microcenter.com,0,1,0,0,0,released_start_url
microsoft.com,0,1,1,0,0,instruction_domain;named_site_alias;released_start_url
mncourts.gov,0,0,1,0,0,named_site_alias
morgancountyutah.gov,0,0,1,0,0,named_site_alias
motel6.com,0,0,1,0,0,instruction_domain;named_site_alias
mta.info,0,1,0,0,1,released_start_url
myflorida.com,0,0,1,0,10,instruction_domain
napaonline.com,0,0,1,0,0,named_site_alias
nba.com,0,1,0,0,0,released_start_url
neurips.cc,0,0,1,0,3,named_site_alias
newegg.com,0,0,1,0,2,named_site_alias
nfl.com,0,1,0,0,1,released_start_url
nhl.com,0,0,1,0,16,instruction_domain;named_site_alias
njcourts.gov,0,0,1,0,0,named_site_alias
nordstrom.com,0,0,1,0,2,named_site_alias
nothingbundtcakes.com,0,0,1,0,1,named_site_alias
nvidia.com,0,1,0,0,10,released_start_url
ny.gov,0,0,1,0,20,named_site_alias
nyfa.edu,0,0,1,0,1,named_site_alias
nyse.com,0,1,0,0,1,released_start_url
oceanstatejoblot.com,0,0,1,0,0,named_site_alias
ohio.gov,0,1,0,0,10,released_start_url
orbitz.com,0,0,1,0,0,instruction_domain;named_site_alias
osu.edu,0,1,0,0,38,released_start_url
overstock.com,0,0,1,0,2,named_site_alias
oyster.com,0,0,1,0,1,instruction_domain
pacificbonsaimuseum.org,0,0,1,0,0,named_site_alias
palaciodemafra.pt,0,0,1,0,0,named_site_alias
parkers.co.uk,0,1,0,0,1,released_start_url
petfinder.com,0,1,0,0,0,released_start_url
petsmart.com,0,0,1,0,0,named_site_alias
philippineairlines.com,0,0,1,0,1,named_site_alias
phys.org,0,1,0,0,1,released_start_url
planethollywoodhotels.com,0,0,1,0,0,instruction_domain
polaroid.com,0,0,1,0,5,named_site_alias
porsche.com,0,1,0,0,8,released_start_url
premierinn.com,0,0,1,0,0,instruction_domain;named_site_alias
publicstorage.com,0,1,0,0,1,released_start_url
qatarairways.com,0,1,0,0,0,released_start_url
quickcourt.biz,0,0,1,0,0,named_site_alias
raceroster.com,0,0,1,0,1,instruction_domain
raisingcanes.com,0,1,0,0,0,released_start_url
recreation.gov,0,1,0,0,1,released_start_url
recwatches.com,0,0,1,0,0,named_site_alias
redbull.com,0,1,0,0,4,released_start_url
reddit.com,0,0,1,0,0,named_site_alias
regmovies.com,0,0,1,0,0,named_site_alias
rei.com,0,0,1,0,0,named_site_alias
remax.com,0,1,0,0,0,released_start_url
rentalcars.com,0,0,1,0,0,instruction_domain
resortsandlodges.com,0,0,1,0,0,instruction_domain
roberthalf.com,0,0,1,0,1,named_site_alias
rockauto.com,0,0,1,0,1,named_site_alias
rolltide.com,0,0,1,0,0,named_site_alias
rottentomatoes.com,0,1,0,0,4,released_start_url
rvusa.com,0,0,1,0,0,named_site_alias
ryanair.com,0,1,1,0,3,named_site_alias;released_start_url
salary.com,0,0,1,0,0,instruction_domain
samsclub.com,0,0,1,0,2,named_site_alias
samsung.com,0,1,0,0,0,released_start_url
sandals.com,0,0,1,0,1,instruction_domain;named_site_alias
searchengineland.com,0,0,1,0,0,instruction_domain
seattlegreatwheel.com,0,0,1,0,1,named_site_alias
seaworld.com,0,0,1,0,1,named_site_alias
sec.gov,0,1,0,0,1,released_start_url
sephora.com,0,0,1,0,1,named_site_alias
sfwmd.gov,0,0,1,0,1,named_site_alias
simpletire.com,0,0,1,0,0,named_site_alias
simplyhired.com,0,0,1,0,0,named_site_alias
singaporeair.com,0,0,1,0,0,named_site_alias
sixflags.com,0,0,1,0,1,named_site_alias
smartasset.com,0,1,1,0,0,instruction_domain;released_start_url
soundcloud.com,0,1,0,0,0,released_start_url
sourceforge.net,0,1,0,0,0,released_start_url
southwest.com,0,0,1,0,0,named_site_alias
spectrum.com,0,0,1,0,1,named_site_alias
speedo.com,0,1,0,0,2,released_start_url
spirit.com,0,0,1,0,0,named_site_alias
spothero.com,0,1,0,0,1,released_start_url
spotify.com,0,0,1,0,0,instruction_domain
spreadshirt.com,0,0,1,0,0,named_site_alias
ssense.com,0,0,1,0,0,named_site_alias
stanford.edu,0,1,1,0,156,named_site_alias;released_start_url
statista.com,0,1,0,0,4,released_start_url
steampowered.com,0,1,1,0,3,named_site_alias;released_start_url
stpaul.gov,0,0,1,0,1,named_site_alias
stubhub.com,0,1,1,0,0,named_site_alias;released_start_url
student.com,0,1,0,0,0,released_start_url
sugarbowl.com,0,0,1,0,1,instruction_domain;named_site_alias
suncountry.com,0,0,1,0,0,named_site_alias
superlawyers.com,0,1,0,0,0,released_start_url
surfboards.com,0,0,1,0,0,instruction_domain
swiss.com,0,0,1,0,0,named_site_alias
target.com,0,1,1,0,6,named_site_alias;released_start_url
tcl.com,0,0,1,0,0,instruction_domain
ted.com,0,1,0,0,6,released_start_url
thaiairways.com,0,0,1,0,0,named_site_alias
thecignagroup.com,0,0,1,0,1,named_site_alias
thermofisher.com,0,0,1,0,1,named_site_alias
thesphere.com,0,0,1,0,0,named_site_alias
theweathernetwork.com,0,1,0,0,1,released_start_url
thumbtack.com,0,1,0,0,1,released_start_url
ticketmaster.com,0,1,1,0,2,named_site_alias;released_start_url
tourradar.com,0,1,0,0,1,released_start_url
traderjoes.com,0,1,0,0,0,released_start_url
travelocity.com,0,0,1,0,0,instruction_domain;named_site_alias
trip.com,0,1,0,0,13,released_start_url
tripadvisor.com,0,0,1,0,0,instruction_domain;named_site_alias
tumblr.com,0,1,0,0,3,released_start_url
turkishairlines.com,0,0,1,0,0,named_site_alias
uline.com,0,0,1,0,1,named_site_alias
ulta.com,0,0,1,0,1,named_site_alias
umich.edu,0,1,0,0,17,released_start_url
underarmour.com,0,0,1,0,3,named_site_alias
undercovertourist.com,0,0,1,0,0,named_site_alias
uniqlo.com,0,1,1,0,0,named_site_alias;released_start_url
uniquehotels.me,0,0,1,0,0,instruction_domain
united.com,0,1,1,0,0,instruction_domain;named_site_alias;released_start_url
universalorlando.com,0,0,1,0,4,named_site_alias
universityofcalifornia.edu,0,0,1,0,4,instruction_domain
ups.com,0,1,0,0,0,released_start_url
us-appliance.com,0,1,0,0,0,released_start_url
usajobs.com,0,0,1,0,1,instruction_domain
usajobs.gov,0,0,1,0,9,instruction_domain;named_site_alias
uscis.gov,0,1,0,0,1,released_start_url
usps.com,0,1,0,0,0,released_start_url
vacourts.gov,0,0,1,0,1,named_site_alias
verizon.com,0,1,0,0,2,released_start_url
versus.com,0,1,0,0,0,released_start_url
vevor.com,0,0,1,0,0,instruction_domain
virginia.gov,0,1,0,0,49,released_start_url
visitlakegeneva.com,0,0,1,0,0,instruction_domain
vividseats.com,0,0,1,0,1,named_site_alias
vogue-eyewear.com,0,0,1,0,1,named_site_alias
vrbo.com,0,0,1,0,0,instruction_domain;named_site_alias
vueling.com,0,0,1,0,0,named_site_alias
walgreens.com,0,0,1,0,3,named_site_alias
walmart.com,0,1,1,0,0,named_site_alias;released_start_url
wanderlog.com,0,1,0,0,0,released_start_url
wayfair.com,0,0,1,0,1,named_site_alias
weather.com,0,1,0,0,3,released_start_url
webmd.com,0,1,0,0,7,released_start_url
westelm.com,0,0,1,0,0,named_site_alias
westjet.com,0,0,1,0,1,named_site_alias
whitemountainshoes.com,0,0,1,0,0,instruction_domain
wholefoodsmarket.com,0,0,1,0,0,named_site_alias
wikipedia.org,0,0,1,0,28,instruction_domain
wineaccess.com,0,1,0,0,0,released_start_url
wizzair.com,0,0,1,0,1,named_site_alias
wm.com,0,0,1,0,1,named_site_alias
wolframalpha.com,1,0,0,0,5570,released_start_url
xbox.com,0,0,1,0,0,instruction_domain
yahoo.com,0,1,0,0,0,released_start_url
ycombinator.com,0,1,0,0,2,released_start_url
youtube.com,0,1,0,0,40,released_start_url
zappos.com,0,0,1,0,5,named_site_alias
zara.com,0,1,1,0,0,named_site_alias;released_start_url
ziprecruiter.com,0,1,0,0,1,released_start_url
